date,NIR,NDA,gov_account,banks_net,repo_total,repo_main,repo_long,repo_fine,repo_lombard,fx_swap_attract,deposits,deposit_auctions,reverse_repo,fx_swap_alloc,securities_issued,other_net,monetary_base,currency_outside_cba,corr_dram,corr_fx,other_banks_dram,other_banks_fx,other_residents,other_dram,other_fx
2025-07-01,1216511.7179887,979095.65306416,-604526.2826579,1163945.9931843,863704.733176,625733.858181,NA,237970.874995,NA,NA,NA,NA,NA,NA,NA,419675.94253776,2195607.3710529,1012301.0925568,659974.6676098,506757.0815572,1.2926046,166.4699819,8618.1859586,7788.580784,16406.7667426
2025-07-02,1203507.4151115,622642.3818994,-564778.5869309,765293.9424032,465000,465000,NA,NA,NA,NA,NA,NA,NA,NA,NA,422127.0264271,1826149.7970109,1016588.8062858,295714.0709162,500105.3943354,1.2926046,165.939318,8747.1889535,4827.1045974,13574.2935509
2025-07-03,1222047.9229591,631680.06204898,-555209.8924404,765436.8193677,465090.185046,465090.185046,NA,NA,NA,NA,NA,NA,NA,NA,NA,421453.13512168,1853727.9850081,1022827.4727936,298386.0834781,517168.5696938,1.2926046,166.0296589,8810.5494308,6367.9873483,15178.5367791
2025-07-04,1221443.4055654,648639.57420475,-538137.8661161,758578.6990127,465180.370095,465180.370095,NA,NA,NA,NA,7001.0068493,NA,NA,NA,NA,428198.74130815,1870082.9797701,1031028.5097156,303580.0222286,517028.8630787,1.3426046,166.0395684,11069.7688982,7208.433676,18278.2025742
2025-07-07,1217705.9410857,664642.86108279,-529974.1140155,765984.2712225,465450.925236,465450.925236,NA,NA,NA,NA,NA,NA,NA,NA,NA,428632.70387579,1882348.8021685,1035709.9365156,317192.1413888,514599.4307823,1.3415396,165.7764761,7614.0188209,7066.1566452,14680.1754661
2025-07-08,1224767.3069994,661435.87810504,-521943.4443943,754203.8029779,465541.110286,465541.110286,NA,NA,NA,NA,7001.0068493,NA,NA,NA,NA,429175.51952144,1886203.1851044,1039206.5109858,333706.2197286,499041.170134,1.3393401,165.8358452,7655.1921956,6426.9168751,14082.1090707
2025-07-09,1232156.9207167,589869.45502014,-614157.1828445,773714.6997479,485000,485000,NA,NA,NA,NA,7001.0068493,NA,NA,NA,NA,430311.93811674,1822026.3757368,1041505.6260278,259858.6875243,507095.7072654,1.3371406,88.815098,7701.9074673,5774.2952134,13476.2026807
2025-07-10,1231677.8360617,595498.10949709,-610668.9369594,774854.7076956,485094.087482,485094.087482,NA,NA,NA,NA,6000.8630137,NA,NA,NA,NA,431312.3387609,1827175.9455588,1045052.9361078,263285.8853768,506606.6780524,1.3371406,88.9220997,6531.2265601,5608.9602214,12140.1867815
2025-07-11,1245841.4572139,590852.24910542,-610012.1016074,769068.3086207,485188.174958,485188.174958,NA,NA,NA,NA,14802.1287671,NA,NA,NA,NA,431796.04209212,1836693.7063193,1048076.4785778,270037.3151946,505655.0802777,1.3371406,88.8169756,6928.6237541,5906.0543989,12834.678153
2025-07-14,1266205.8671812,566324.48849556,-613808.6944177,749262.620632,485470.437398,485470.437398,NA,NA,NA,NA,37005.3219177,NA,NA,NA,NA,430870.56228126,1832530.3556768,1053562.2522808,240682.1068511,525263.5510729,1.3350884,98.451095,6201.3061839,6721.3531047,12922.6592886
2025-07-15,1270378.0413771,543502.11419035,-611558.1499357,724040.6193499,487599.524878,485564.524878,NA,NA,2035,NA,64409.2630135,NA,NA,NA,NA,431019.64477615,1813880.1555675,1052175.8300508,210080.1777898,534297.9997315,1.3330542,98.4144186,7653.8514246,9572.549098,17226.4005226
2025-07-16,1259203.8212975,735078.717975,-618247.6793404,920903.2193896,620000,620000,NA,NA,NA,NA,NA,NA,NA,NA,NA,432423.1779258,1994282.5392725,1053494.3852208,399054.9568245,528331.2556704,1.3330542,98.095692,7636.8898914,5665.6229192,13302.5128106
2025-07-17,1255476.2408887,723246.05830679,-629601.2306115,921200.735101,620120.174136,620120.174136,NA,NA,NA,NA,NA,NA,NA,NA,NA,431646.55381729,1978722.2991955,1053459.5955438,402024.5335104,509882.0708943,1.3330542,97.9912062,7684.3915979,5572.3833887,13256.7749866
2025-07-18,1252420.899351,691632.43514125,-661151.4973317,922853.5456165,620240.348277,620240.348277,NA,NA,NA,NA,NA,NA,NA,NA,NA,429930.38685645,1944053.3344923,1054201.4466238,372392.4980678,505077.6517958,1.3372879,98.2413205,6692.5442276,5589.6151689,12282.1593965
2025-07-21,1253602.6137404,660181.00432896,-693551.0042646,923331.7701547,620600.870693,620600.870693,NA,NA,NA,NA,NA,NA,NA,NA,NA,430400.23843886,1913783.6180694,1054550.1620338,337858.2864343,506476.0156711,1.3334689,98.1876687,9358.9958637,5440.6369289,14799.6327926
2025-07-22,1258239.4909305,647101.5598424,-705052.7086883,923505.1437195,620721.044829,620721.044829,NA,NA,NA,NA,NA,NA,NA,NA,NA,428649.1248112,1905341.0507729,1049817.8033883,336869.6613034,504649.7937779,1.3219574,98.4570317,8695.5098561,5208.5034581,13904.0133142
2025-07-23,1259478.4043412,661959.97197039,-703110.0104897,935837.307954,633000,620000,NA,NA,13000,NA,NA,NA,NA,NA,NA,429232.67450609,1921438.3763116,1045985.5720816,353594.4431509,499438.3927303,1.3219574,98.5102667,11297.7036176,11022.4325071,22320.1361247
2025-07-24,1245151.9117383,702249.57860654,-700216.2053108,972955.337105,670120.27403,620120.27403,NA,50000,NA,NA,NA,NA,NA,NA,NA,429510.44681234,1947401.4903448,1042189.3096616,390174.0841204,494373.7942409,1.3219574,98.5138581,8734.3524047,11830.1141017,20564.4665064
2025-07-25,1244198.4260227,712180.55826107,-689685.4459835,972482.5294193,670250.225212,620240.548053,NA,50009.677159,NA,NA,NA,NA,NA,NA,NA,429383.47482527,1956378.9842838,1041515.781874,401993.2893808,493908.5018982,1.3210671,98.4911642,8087.3835552,10774.2153443,18861.5988995
2025-07-28,1246055.1840292,713405.82232426,-687913.4824737,973031.7724077,670640.078773,620601.370136,NA,50038.708637,NA,NA,NA,NA,NA,NA,NA,428287.53239026,1959461.0063535,1040119.3515658,404396.0222365,495095.2287316,1.3210671,111.5620768,9037.8156041,10699.7050716,19737.5206757
2025-07-29,1243090.7653938,684426.13506215,-694324.3493605,967122.4368603,670770.029957,620721.644163,NA,50048.385794,NA,NA,6000.8630137,NA,NA,NA,NA,411628.04756235,1927516.900456,1037908.5119926,378770.5289439,492274.3062991,1.3210671,111.1655917,6955.7560761,11495.3104855,18451.0665616
2025-07-30,1249680.2822589,654417.25157317,-696480.6927997,921405.4063787,626000,620000,NA,NA,6000,NA,7001.0068493,NA,NA,NA,NA,429492.53799417,1904097.5338321,1035858.3785466,350807.4343226,499589.9031269,1.3210671,111.0144245,6923.1105843,10806.3717601,17729.4823444
2025-07-31,1246765.8936472,658161.83871957,-691717.2998307,917579.2257468,620120.378754,620120.378754,NA,NA,NA,NA,5000.7191781,NA,NA,NA,NA,432299.91280347,1904927.7323668,1038563.7308256,343588.4364854,510832.0515738,1.3192976,72.2892776,6871.6474988,4998.257408,11869.9049068
2025-08-01,1223681.8186961,678534.02200084,-676630.5129141,922753.4862622,620240.757518,620240.757518,NA,NA,NA,NA,NA,NA,NA,NA,NA,432411.04865274,1902215.8406969,1049226.1545476,348827.0689478,492602.07872,1.317145,72.1577037,6741.0414466,4746.0221862,11487.0636328
2025-08-04,1244566.0069224,712780.20408829,-633802.2826703,918273.4488522,620601.893781,620601.893781,NA,NA,NA,NA,5000.7191781,NA,NA,NA,NA,428309.03790639,1957346.2110107,1054288.4665105,401194.2145728,489435.3161713,1.317145,72.8320042,6551.0764061,5802.9882008,12354.0646069
2025-08-05,1239940.3773333,727240.67365498,-621519.5282101,923907.0278326,620722.27254,620722.27254,NA,NA,NA,NA,NA,NA,NA,NA,NA,424853.17403248,1967181.0509883,1058768.6726805,411351.8164993,485418.4041587,1.3034749,72.7871355,6245.7090279,5322.3580115,11568.0670394
2025-08-06,1239251.1846063,717134.86406036,-615700.2345954,906237.0481643,610000,610000,NA,NA,NA,NA,7001.0068493,NA,NA,NA,NA,426598.05049146,1956386.0486667,1065199.7045105,391497.4678013,488517.557983,1.3034749,50.7060273,6124.245861,4995.0630087,11119.3088697
2025-08-07,1239315.1185281,730448.43515948,-600409.4018137,905399.1401274,610118.406949,610118.406949,NA,NA,NA,NA,8001.1506849,NA,NA,NA,NA,425458.69684578,1969763.5536876,1067585.1377637,403172.3608264,488028.3510512,1.2992044,50.8579052,6129.3059271,4796.2410096,10925.5469367
2025-08-08,1242520.8479972,725073.53228932,-597519.8088275,894659.2968764,610236.813901,610236.813901,NA,NA,NA,NA,19002.7328766,NA,NA,NA,NA,427934.04424042,1967594.3802865,1074742.9934377,388162.9240106,493422.0741763,1.2932305,50.7721975,6116.2230139,5098.10022,11214.3232339
2025-08-11,1242620.4637755,713365.73850123,-601214.0130336,887161.7325867,610592.03475,610592.03475,NA,NA,NA,NA,27003.8835616,NA,NA,NA,NA,427418.01894813,1955986.2022767,1076401.9513577,378771.9342378,492046.892588,1.2932305,50.7763895,3621.5842663,5091.7702069,8713.3544731995
2025-08-12,1249985.984101,699460.36377787,-605580.3950092,877682.5294171,610710.441701,610710.441701,NA,NA,NA,NA,37555.4010274,NA,NA,NA,NA,427358.22936997,1949446.3478789,1076021.6608777,366676.4619508,497945.1874353,1.2932305,50.7371246,3598.7115848,5152.2956752,8751.00726
2025-08-13,1251810.5827746,782114.91131063,-618213.0302685,974581.0030179,670000,670000,NA,NA,NA,NA,NA,NA,NA,NA,NA,425746.93856123,2033925.4940852,1074593.7215002,452027.0499415,498366.6639415,1.2866205,50.9345537,3695.3373953,5190.5001325,8885.8375277999
2025-08-14,1247702.4507502,780049.73682698,-620592.3372658,974764.5865401,670130.05956,670130.05956,NA,NA,NA,NA,NA,NA,NA,NA,NA,425877.48755268,2027752.1875772,1073715.8562202,448273.3625555,494243.1003949,1.2856002,62.3952619,5374.7999537,6081.3875908,11456.1875445
2025-08-15,1249696.7797912,789757.51474097,-615214.1024793,976415.6490086,670260.119117,670260.119117,NA,NA,NA,NA,NA,NA,NA,NA,NA,428555.96821167,2039454.2945322,1077856.5425702,463856.4152727,488000.7983185,1.2856002,62.3115086,5125.7693618,4551.1719002,9676.9412619996
2025-08-18,1248564.7906074,778158.67302671,-626181.1291541,976967.3574843,670650.297789,670650.297789,NA,NA,NA,NA,NA,NA,NA,NA,NA,427372.44469651,2026723.4636341,1075645.4759199,454574.8562449,486711.4848782,1.2856002,62.299951,5156.7825817,4571.2784582,9728.0610399
2025-08-19,1249374.8910917,742268.98661996,-663483.5075548,977151.2798235,670780.357347,670780.357347,NA,NA,NA,NA,NA,NA,NA,NA,NA,428601.21435126,1991643.8777117,1074328.3114924,418752.9448457,489208.1897814,1.2834893,62.2719551,4745.8127857,4545.0633621,9290.8761478
2025-08-20,1251209.9869411,658460.84529051,-711689.9036363,941406.2578353,635000,635000,NA,NA,NA,NA,NA,NA,NA,NA,NA,428744.49109151,1909670.8322316,1070275.3351324,341557.1083993,486293.5541147,1.2749577,62.1691132,6910.326032,4571.0644823,11481.3905143
2025-08-21,1252255.0476749,655531.72044217,-714514.5035674,941574.480784,635123.260568,635123.260568,NA,NA,NA,NA,NA,NA,NA,NA,NA,428471.74322557,1907786.7681171,1067922.7808899,341545.9457019,487440.3379076,1.2733913,62.1681699,5739.9924731,5074.2695834,10814.2620565
2025-08-22,1267039.6335553,656983.09088823,-713616.3028471,941744.4330703,635246.521136,635246.521136,NA,NA,NA,NA,NA,NA,NA,NA,NA,428854.96066503,1924022.7244435,1066669.1594899,358985.8003609,488086.9935399,1.2620537,62.0219211,5536.8680813,4680.6189967,10217.487078
2025-08-25,1271642.9461944,670655.3501784,-698618.5196923,942258.9259082,635616.302841,635616.302841,NA,NA,NA,NA,NA,NA,NA,NA,NA,427014.9439625,1942298.2963728,1061070.4624159,369192.3711623,489272.1937574,1.2620537,62.2425991,17906.5538164,4793.210568,22699.7643844
2025-08-26,1271856.2857801,667099.52326981,-702647.7833985,941087.4583523,635739.563409,635739.563409,NA,NA,NA,NA,NA,NA,NA,NA,NA,428659.84831601,1938955.8090499,1056386.043815,381126.5829452,491596.8642342,1.3620537,62.1209993,4956.8837574,4825.9512451,9782.8350025002
2025-08-27,1277744.637748,649604.93618988,-700114.1019851,922901.5854248,617500,615000,NA,NA,2500,NA,NA,NA,NA,NA,NA,426817.45275018,1927349.5739379,1053991.956611,380603.7823715,482836.8421952,1.3620537,61.9441094,5012.9475811,4840.739016,9853.6865971
2025-08-28,1289926.304391,718758.84561826,-703137.6936061,997574.7573726,692119.471733,615119.471733,NA,77000,NA,NA,NA,NA,NA,NA,NA,424321.78185176,2008685.1500093,1051811.2860558,455688.0857994,491016.4087161,1.3620537,104.7079094,4884.5437137,5178.7557612,10063.2994749
2025-08-29,1308049.3839977,725819.81617783,-698943.7789037,998137.6038876,692521.159192,615477.886939,NA,77043.272253,NA,NA,NA,NA,NA,NA,NA,426625.99119393,2033869.2001755,1056584.2289258,452960.8274808,514122.9042351,1.3620537,104.5655699,4969.924513,5125.3873972,10095.3119102
2025-09-01,1302795.5454234,745848.01557051,-669552.1110482,988823.8724282,692655.055011,615597.358672,NA,77057.696339,NA,NA,9501.3664384,NA,NA,NA,NA,426576.25419051,2048643.5609939,1059657.7423688,466368.0361877,511350.4241288,1.3505322,104.7599057,6148.3335184,5012.9143523,11161.2478707
2025-09-02,1275781.5849795,768174.42340259,-643459.1652417,990511.7329043,692788.950828,615716.830403,NA,77072.120425,NA,NA,8001.1506849,NA,NA,NA,NA,421121.85573999,2043956.0083821,1062592.4566988,484771.7414339,485282.89582,1.3505322,104.4921195,6148.8305325,5054.2412452,11203.0717777
2025-09-03,1265494.1048039,645555.52611411,-637356.0764362,855747.8992855,550000,550000,NA,NA,NA,NA,NA,NA,NA,NA,NA,427163.70326481,1911049.630918,1064070.9591088,355590.1181704,480192.9718361,1.3505322,104.500741,6128.1702485,4961.560281,11089.7305295
2025-09-04,1264052.0236556,646165.29218441,-625997.7492178,844895.25623010006,550106.854117,550106.854117,NA,NA,NA,NA,11001.5821918,NA,NA,NA,NA,427267.78517211,1910217.31584,1065293.0395368,350192.4051714,482922.1062878,1.3505322,104.3941721,6240.4870109,5463.5331288,11704.0201397
2025-09-05,1269335.6445863,652701.59845488,-618298.405107,845396.5937427,550213.708234,550213.708234,NA,NA,NA,NA,11001.5821918,NA,NA,NA,NA,425603.40981918,1922037.2430412,1072071.9914556,351557.744741,487294.024639,1.3505322,104.6557664,6239.8479336,4767.6279734,11007.475907
2025-09-08,1284970.1612776,655238.35464316,-615710.7498377,845875.6407244,550534.270583,550534.270583,NA,NA,NA,NA,11001.5821918,NA,NA,NA,NA,425073.46375646,1940208.5159208,1073875.0912556,364449.8014037,489908.7530308,1.3505322,104.6719836,5925.4975788,5943.3501361,11868.8477149
2025-09-09,1284530.6879457,656989.21773687,-612397.8386765,846036.3701341,550641.124698,550641.124698,NA,NA,NA,NA,11001.5821918,NA,NA,NA,NA,423350.68627927,1941519.9056826,1073079.6595437,368057.3737374,489248.6952298,1.3476176,104.8134745,6005.9654946,5022.050585,11028.0160796
2025-09-10,1273010.3851945,606182.8130145,-634663.778349,815449.1305015,520000,520000,NA,NA,NA,NA,11001.5821918,NA,NA,NA,NA,425397.460862,1879193.198209,1073885.2533047,306521.6534971,490135.3787111,1.3436893,104.4255245,3536.8104114,5008.3330709,8545.1434823
2025-09-11,1290967.8798933,607377.939914,-633945.7463761,816604.20929,520101.04012,520101.04012,NA,NA,NA,NA,10001.4383562,NA,NA,NA,NA,424719.4770001,1898345.8198073,1073253.8182277,328513.4132548,488553.7604812,1.3436893,104.4351507,3476.5825009,4442.4665027,7919.0490035999
2025-09-12,1296811.8937871,594022.77220987,-636080.395008,807755.6395439,520202.08024,520202.08024,NA,NA,NA,NA,19002.7328766,NA,NA,NA,NA,422347.52767397,1890834.665997,1076118.7590777,313194.1094278,492489.0306779,1.3458002,104.8478618,3571.2584913,5355.3146603,8926.5731516001
2025-09-15,1297068.8830705,582158.73966595,-636825.4715362,796218.8051653,520505.200597,520505.200597,NA,NA,NA,NA,31004.4589041,NA,NA,NA,NA,422765.40603685,1879227.6227364,1074552.2274357,296343.6101855,497466.9632932,1.3442615,116.3811563,5086.0161595,5661.0802447,10747.0964042
2025-09-16,1296783.4549974,530545.4880058,-631779.7187451,740383.4454979,520606.240717,520606.240717,NA,NA,NA,NA,86992.5108218,NA,NA,NA,NA,421941.761253,1827328.9430032,1071226.2419788,244798.3621235,500149.0452917,1.3442615,97.4056383,5293.8206913,5762.7230181,11056.5437094
2025-09-17,1287638.6962,708645.70854682,-635010.2958002,924694.3263067,617900,617900,NA,NA,NA,NA,NA,NA,NA,NA,NA,418961.67804032,1996284.4047468,1069555.7115888,423121.5615558,492111.9416275,1.3402885,135.7414503,5294.4919011,6063.6163348,11358.1082359
2025-09-18,1292794.7729828,686006.52336892,-662172.315223,924830.396478,618020.058685,618020.058685,NA,NA,NA,NA,NA,NA,NA,NA,NA,423348.44211392,1978801.2963517,1068180.8257676,400575.4948444,498759.9142234,1.3402885,135.624554,5034.9202794,6113.1763944,11148.0966738
2025-09-19,1312747.3286981,645109.82117627,-704272.8634762,927024.708768,618140.117363,618140.117363,NA,NA,NA,NA,NA,NA,NA,NA,NA,422357.97588447,1957857.1498744,1070941.5231976,374525.6380442,500294.0943216,1.3355707000000001,135.4365734,6218.1836195,5740.9385474,11959.1221669
2025-09-22,1308946.2291741,599688.6313357,-747709.241004,927543.945655,618500.293419,618500.293419,NA,NA,NA,NA,NA,NA,NA,NA,NA,419853.9266847,1908634.8605098,1069092.8640655,326579.2916596,497579.3499128,1.3355707000000001,168.4094771,9750.5761351,5463.033689,15213.6098241
2025-09-23,1292972.3397709,606457.03598295,-742132.9825202,927693.453226,618620.352102,618620.352102,NA,NA,NA,NA,NA,NA,NA,NA,NA,420896.56527715,1899429.3757539,1062479.0749098,324818.9312676,498751.9650802,1.4142623,168.2493061,7942.1791677,5267.5617602,13209.7409279
2025-09-24,1289528.1127303,863020.0274036,-741081.3962849,1181627.5518387,872500,625000,NA,247500,NA,NA,NA,NA,NA,NA,NA,422473.8718498,2152548.1401339,1056402.1010398,597529.1038271,485972.1172093,1.4113404,167.9962698,7907.882295,4567.5281525,12475.4104475
2025-09-25,1291485.4584204,867028.88532457,-734549.3130877,1181836.2346896,872668.983844,625122.374185,NA,247546.609659,NA,NA,NA,NA,NA,NA,NA,419741.96372267,2158514.343745,1054422.5177398,605240.1506137,487130.9023647,1.4113404,168.2867797,7041.5248805,4509.5500262,11551.074906699
2025-09-26,1290966.5506868,866999.11796852,-728769.8688485,1172491.0851021,872837.967689,625244.74837,NA,247593.219319,NA,NA,9001.2945205,NA,NA,NA,NA,423277.90171492,2157965.6686553,1054849.3434958,603007.1465455,488776.6328504,1.4113404,167.6120178,6968.0386228,4195.4837826,11163.5224054
2025-09-29,1294685.3078721,881115.6761447,-714466.9731895,1175161.4645988,873344.919221,625611.870925,NA,247733.048296,NA,NA,7001.0068493,NA,NA,NA,NA,420421.1847354,2175800.9840168,1054738.5985348,606920.6984673,490149.8456878,1.399982,167.9225131,18859.1981679,4963.3206639,23822.5188318
2025-09-30,1321918.7142634,891158.50918151,-703988.1790099,1175098.3296022,873513.903063,625734.245109,NA,247779.657954,NA,NA,7001.0068493,NA,NA,NA,NA,420048.35858921,2213077.2234449,1053767.1073048,616202.7616894,531900.0249636,1.3980797,167.9702361,6553.7472347,4484.2139366,11037.961171301
2025-10-01,1295530.2220704,587396.71526513,-680268.3127099,848639.1174409,545000,485000,NA,60000,NA,NA,5000.7191781,NA,NA,NA,NA,419025.91053413,1882926.9373355,1055500.6575548,324397.4503435,490792.1473224,1.3980797,168.0042996,6628.86355,5438.4161855,12067.2797355
2025-10-02,1291681.4324,621525.73893741,-641111.8598602,844798.6756671,545105.720458,485094.281555,NA,60011.438903,NA,NA,9001.2945205,NA,NA,NA,NA,417838.92313051,1913207.1713374,1059791.5639517,353382.3035712,487976.1355033,1.8980797,168.3965393,6820.8430905,5066.0306017,11886.8736922
2025-10-03,1295096.4402396,620062.94865545,-639958.1631618,839958.09994,545211.440908,485188.563099,NA,60022.877809,NA,NA,14002.0136986,NA,NA,NA,NA,420063.01187725,1915159.388895,1069869.2042167,346157.5921229,488786.4335498,1.8980797,168.0510965,6024.8185458,4151.3912836,10176.2098294
2025-10-06,1293562.8540533,632439.59314452,-623875.7777387,837419.723608,545528.602272,485471.407752,NA,60057.19452,NA,NA,17002.4452054,NA,NA,NA,NA,418895.64727522,1926002.4471978,1075485.1501808,351855.8400148,487728.4581864,1.8980797,167.5745685,6063.0181091,4700.5080585,10763.5261676
2025-10-07,1295927.222062,634581.75581023,-615505.8205675,831579.0404247,545634.322727,485565.689302,NA,60068.633425,NA,NA,23003.3082191,NA,NA,NA,NA,418508.53595303,1930508.9778722,1076528.9448558,348925.7033826,492833.8518223,1.8877469,167.7082885,5123.2198521,6927.661924,12050.8817761
2025-10-08,1293472.3603056,533179.40159132,-606910.3515665,722001.2006704,422000,415000,NA,NA,7000,NA,9001.2945205,NA,NA,NA,NA,418088.55248742,1826651.7618969,1077480.3965738,245902.9525733,492098.3096317,1.8852716,167.6102769,5158.6399397,5841.9676299,11000.6075696
2025-10-09,1298966.9996767,529279.46048154,-606652.4113569,717136.6001452,415080.632633,415080.632633,NA,NA,NA,NA,7001.0068493,NA,NA,NA,NA,418795.27169324,1828246.4601582,1080008.9886738,237695.2192592,499875.1023647,1.8852716,167.4588546,5103.2482913,5394.557443,10497.8057343
2025-10-10,1290476.8327517,539925.3401144,-589012.1054865,708713.7825751,415161.265263,415161.265263,NA,NA,NA,NA,6000.8630137,NA,NA,NA,NA,420223.6630258,1830402.1728661,1086497.1035718,222888.4547403,512204.2664345,1.8828555,167.319536,3634.2981754,5008.8475526,8643.1457279997
2025-10-13,1291751.0333629,544718.428895,-578957.1399508,704097.3826018,415403.163159,415403.163159,NA,NA,NA,NA,11001.5821918,NA,NA,NA,NA,419578.186244,1836469.4622579,1088864.6790718,225796.1522292,512756.8133951,1.8518418,167.39123,3573.0776213,5309.4968687,8882.5744899999
2025-10-14,1385670.962237,538662.22735548,-583541.427102,703330.5887596,415483.795789,415483.795789,NA,NA,NA,NA,12301.769178,NA,NA,NA,NA,418873.06569788,1924333.1895925,1088204.8332618,221183.963149,605929.7035831,1.8102524,167.3990304,3574.6795084,5270.8008074,8845.4803158
2025-10-15,1386531.561826,552897.63268538,-599505.2993681,734336.4377162,435000,375000,NA,60000,NA,NA,NA,NA,NA,NA,NA,418066.49433728,1939429.1945114,1087056.7976618,229770.4149495,612786.0100484,1.8072757,167.7709832,5303.7289902,4342.6646026,9646.3935928001
2025-10-16,1388995.3118023,537307.31789204,-615363.6380523,734591.8189711,435084.40305,375072.863606,NA,60011.539444,NA,NA,NA,NA,NA,NA,NA,418079.13697324,1926302.6296943,1086534.153143,213179.6642635,614692.5797945,1.8063877,167.8003179,5767.8308539,5958.7949338,11726.6257877
2025-10-17,1402131.8211262,524276.97603547,-627566.8070098,734858.385481,435168.806096,375145.727208,NA,60023.078888,NA,NA,NA,NA,NA,NA,NA,416985.39756427,1926408.7971617,1089388.954463,217254.2900247,610229.9143574,1.7993878,167.8898555,5241.3245885,4124.6244848,9365.9490733002
2025-10-20,1396043.2687716,467287.27805048,-670906.1827211,721803.1887964,435422.015243,375364.318023,NA,60057.69722,NA,NA,NA,NA,NA,NA,NA,416390.27197518,1863330.5468221,1089772.901335,156565.891093,604229.2403523,1.7993878,180.0390703,8153.0762516,4427.5993321,12580.6755837
2025-10-21,1395760.6359432,460014.43004817,-679452.9262335,722338.5781552,435506.418289,375437.181626,NA,60069.236663,NA,NA,NA,NA,NA,NA,NA,417128.77812647,1855775.0659914,1086242.7844376,152079.0712929,605404.8565253,1.7900922,217.8819988,7407.3580096,4421.323635,11828.6816446
2025-10-22,1395425.0381775,524440.89218379,-677322.9487346,784882.209165,498000,350000,NA,148000,NA,NA,NA,NA,NA,NA,NA,416881.63175339,1919865.9303613,1081419.8096539,217865.5923868,604707.5192885,1.7435256,217.7302565,10665.2846656,4988.2505844,15653.53525
2025-10-23,1412348.6439031,521128.48609772,-680460.8360183,785018.3188453,498096.043838,350068.093743,NA,148027.950095,NA,NA,NA,NA,NA,NA,NA,416571.00327072,1933477.1300008,1079164.2436339,238757.2553749,602945.2039201,1.7189957,278.2134852,7384.9383727,4945.5562183,12330.494591
2025-10-24,1413500.0951837,531034.18922086,-664547.0607819,780297.2995506,498192.087678,350136.18749,NA,148055.900188,NA,NA,5000.7191781,NA,NA,NA,NA,415283.95045216,1944534.2844046,1079215.3794139,242443.5862224,602539.1880812,1.7065258,278.7824854,15298.3121833,4757.3294926,20055.6416759
2025-10-27,1415204.2416369,536086.75069532,-663137.9751953,785736.4826982,498480.219198,350340.468725,NA,148139.750473,NA,NA,NA,NA,NA,NA,NA,413488.24319242,1951290.9923322,1078773.1316139,257012.1515417,604891.9177217,1.6854975,355.3686822,5696.6056575,4560.1316177,10256.7372752
2025-10-28,1420790.6082505,526888.3721481,-672206.8098017,785882.6554031,498576.263037,350408.56247,NA,148167.700567,NA,NA,NA,NA,NA,NA,NA,413212.5265467,1947678.9803986,1077178.5987639,250058.4276035,609692.4258376,1.6772496,355.5619164,5944.2010846,4448.087943,10392.2890276
2025-10-29,1409494.5816312,489204.30130351,-527630.5339473,606856.5302592,319500,230000,NA,89500,NA,NA,NA,NA,NA,NA,NA,409978.30499161,1898698.8829347,1074266.4831789,208914.0409483,604965.7237068,1.6792496,355.3177252,5671.5506822,4524.0874437,10195.6381259
2025-10-30,1408541.7446143,482317.07888581,-530922.5494215,600967.2994398,319561.485271,230044.726352,NA,89516.758919,NA,NA,6000.8630137,NA,NA,NA,NA,412272.32886751,1890858.8235001,1075433.9971731,199313.7713324,605026.6688853,1.6769568,355.0759731,6268.9492796,4458.6838998,10727.6331794
2025-10-31,1421433.9308622,450869.05101416,-532997.1492997,570274.5221164,319622.970539,230089.452701,NA,89533.517838,NA,NA,37005.3219178,NA,NA,NA,NA,413591.67819747,1872302.9818764,1079283.7283961,162009.2769858,618897.0927991,2.6688048,384.9560057,6768.7391739,4956.519711,11725.2588849
2025-11-03,1411132.5255061,494359.19094693,-469499.4790141,549606.6005721,319807.426351,230223.631754,NA,89583.794597,NA,NA,58008.3424657,NA,NA,NA,NA,414252.06938893,1905491.716453,1083849.3773961,196048.770614,613354.2416661,2.7620545,384.407758,6761.5915318,5090.5654325,11852.1569643
2025-11-04,1405249.4932803,484719.64906663,-473901.9605751,544717.5991459,319868.911618,230268.358103,NA,89600.553515,NA,NA,63009.0616439,NA,NA,NA,NA,413904.01049583,1889969.1423469,1086616.2160192,179400.4040722,606432.0856431,2.6898746,390.1640707,8951.6909814,8175.8916857,17127.5826671
2025-11-05,1405092.8014554,462625.42157776,-471850.8556008,520906.2646783,245000,165000,NA,80000,NA,NA,12001.7260274,NA,NA,NA,NA,413570.01250026,1867718.2230332,1089882.669014,154809.7358863,608168.1071234,2.6019043,389.9838293,9435.6869597,5029.4383162,14465.1252759
2025-11-06,1404879.5147326,463748.39331696,-459760.9387059,510002.5992914,245047.666222,165032.100063,NA,80015.566159,NA,NA,23003.3082192,NA,NA,NA,NA,413506.73273146,1868627.9080496,1092178.930334,156132.3978426,605920.5861443,2.543946,390.2819984,9068.2591639,4934.9086204,14003.1677843
2025-11-07,1407980.9172921,455380.88738141,-449887.8803489,492598.0080267,245095.332446,165064.200127,NA,80031.132319,NA,NA,40505.8253424,NA,NA,NA,NA,412670.75970361,1863361.8046735,1098776.537134,143514.9118095,606565.1882562,2.5220302,390.8044158,8997.3150497,5114.5259781,14111.8410278
2025-11-10,1408250.5085976,439682.88316451,-439446.2093966,462852.378645,245238.331114,165160.500317,NA,80077.830797,NA,NA,64309.2486302,NA,NA,NA,NA,416276.71391611,1847933.3917621,1099124.796699,122923.4904688,610300.1909843,2.4668005,604.4710642,9952.7868679,5025.1888774,14977.9757453
2025-11-11,1420603.2727104,437678.92604075,-430810.0316772,452047.6387936,245285.997335,165192.600379,NA,80093.396956,NA,NA,75210.8164381,NA,NA,NA,NA,416441.31892435,1858282.1987511,1098643.812619,121277.8537043,624933.1161212,2.3703977,604.5771761,7541.9433775,5278.5253553,12820.4687328
2025-11-12,1404024.5391739,512486.60615763,-461620.8249756,557021.6284889,275000,275000,NA,NA,NA,NA,NA,NA,NA,NA,NA,417085.80264433,1916511.1453315,1098362.055622,193818.5936906,610533.7993664,2.3139374,573.3193409,8604.803184,4616.2601902,13221.063374200001
2025-11-13,1405229.221803,509314.36900993,-463560.4321859,557124.3110512,275053.503119,275053.503119,NA,NA,NA,NA,NA,NA,NA,NA,NA,415750.49014463,1914543.5908129,1095642.561852,196552.0085463,610708.0564059,2.2865755,574.2523164,6239.4965968,4824.92852,11064.4251168
2025-11-14,1400571.4636108,513531.30479793,-460278.4857016,557227.0024676,275107.006236,275107.006236,NA,NA,NA,NA,NA,NA,NA,NA,NA,416582.78803193,1914102.7684087,1098246.821222,189351.083644,611153.5659739,2.2373498,574.0423138,8650.1608225,6124.8570827,14775.0179052
2025-11-17,1409056.7626592,528908.47601037,-439860.7710397,551511.420128,275267.515593,275267.515593,NA,NA,NA,NA,6000.8630137,NA,NA,NA,NA,417257.82692207,1937965.2386696,1097623.173032,214668.7895026,610485.3782723,4.1149822,588.89800519999994,7406.1968878,7188.6879875,14594.8848753
2025-11-18,1404020.9546465,508212.17248058,-459298.8875141,557610.116607,275321.018708,275321.018708,NA,NA,NA,NA,NA,NA,NA,NA,NA,409900.94338768,1912233.1271271,1093335.798132,199306.0430499,607059.8325397,4.0209872,589.2023863,7386.5823068,4551.6477252,11938.230032
2025-11-19,1430598.0232807,525077.21627887,-489698.4465136,602338.3254105,320000,260000,NA,60000,NA,NA,NA,NA,NA,NA,NA,412437.33738197,1955675.2395596,1090426.682892,246889.4163083,605406.2735062,3.9748848,588.2090385,7378.7821477,4981.9007821,12360.6829298
2025-11-20,1429877.299884,473579.70914105,-539969.9863438,602449.6221024,320062.060315,260050.606607,NA,60011.453708,NA,NA,NA,NA,NA,NA,NA,411100.07338245,1903457.009025,1086736.409258,196217.0193563,605473.6599191,3.9405192000000002,588.3984513,9550.8623709,4886.7191502,14437.5815211
2025-11-21,1425357.9410404,475092.886196,-533994.1141606,597560.208486,320124.120634,260101.213214,NA,60022.90742,NA,NA,5000.7191781,NA,NA,NA,NA,411526.7918706,1900450.8272364,1085210.803188,192252.1536639,605754.9131908,3.9148581,587.7392247,11160.4157303,5480.8873806,16641.3031109
2025-11-24,1422298.8986626,481265.88385846,-526648.6961646,598894.3222145,320310.301582,260253.033035,NA,60057.268547,NA,NA,4000.5753425,NA,NA,NA,NA,409020.25780856,1903564.7825211,1083273.068433,197663.2407052,609158.2429066,3.8483896,718.0265362,8382.3955881,4365.9599624,12748.3555505
2025-11-25,1421841.6851457,472765.18036241,-526026.4666126,603671.5813879,320372.3619,260303.63964,NA,60068.72226,NA,NA,3000.4315068,NA,NA,NA,NA,395120.06558711,1894606.8655081,1079451.0211395,192202.9048576,609429.7349091,3.8335412,717.4269691,7599.4806879,5202.4634037,12801.9440916
2025-11-26,1440430.8979657,504334.00742315,-513353.1602929,610432.0248001,326000,260000,NA,66000,NA,NA,7001.0068493,NA,NA,NA,NA,407255.14291595,1944764.9053888,1078379.0634816,210146.0428187,629636.9140132,3.7474553,717.8188563,20640.4675566,5240.8512071,25881.3187637
2025-11-27,1440399.3685424,506297.25500939,-514206.3255262,610546.2084348,326063.121748,260050.624999,NA,66012.496749,NA,NA,7001.0068493,NA,NA,NA,NA,409957.37210079,1946696.6235518,1077502.7174758,242337.8486124,613273.9929998,3.6850551,718.0185181,7558.7339932,5301.6268974,12860.3608906
2025-11-28,1452366.6063884,506502.02294655,-515732.7515395,612887.664068,326252.486997,260202.5,NA,66049.986997,NA,NA,5002.1575342,NA,NA,NA,NA,409347.11041805,1958868.629335,1080927.2681758,240310.9251816,623336.8618194,3.6644344,664.8272568,7538.2847768,6086.7976902,13625.082467
2025-12-01,1440314.3231285,552320.63801034,-464708.5833192,602001.7408142,326315.608747,260253.125,NA,66062.483747,NA,NA,16002.3013699,NA,NA,NA,NA,415027.48051534,1992634.9611388,1086428.0716958,281030.5829296,610862.7679926,3.5864593,665.7752459,7497.2765609,6146.9002547,13644.1768156
2025-12-02,1443687.6563164,535243.19490276,-467793.3015794,590076.4817288,326378.730495,260303.749999,NA,66074.980496,NA,NA,28004.0273972,NA,NA,NA,NA,412960.01475336,1978930.8512192,1087742.9788408,260454.0838425,616738.4731478,3.5561843,665.5691761,7358.7345704,5967.4554573,13326.1900277
2025-12-03,1437708.1745706,437281.48426106,-466500.9831699,490752.0263118,205000,205000,NA,NA,NA,NA,6000.8630137,NA,NA,NA,NA,413030.44111916,1874989.6588317,1089403.3063908,160649.9920681,611525.7137647,3.5155735,666.5379483,7978.9536368,4761.6394495,12740.5930863
2025-12-04,1448806.7492158,457407.02763627,-453496.2415938,496843.9299248,205039.920664,205039.920664,NA,NA,NA,NA,NA,NA,NA,NA,NA,414059.33930528,1906213.7768521,1094404.7357978,194424.3607453,603902.8951914,3.4186875,666.7069023,8109.1062418,4702.553286,12811.6595278
2025-12-05,1452021.325333,453244.68383265,-452693.9317502,491373.5614909,205079.841327,205079.841327,NA,NA,NA,NA,6000.8630137,NA,NA,NA,NA,414565.05409195,1905266.0091656,1101611.7269071,178707.8326708,606514.3608132,4.2636421,705.3340451,12228.0466122,5494.4444751,17722.4910873
2025-12-08,1455880.0511974,441725.20357829,-449002.141304,476644.8175067,205199.603322,205199.603322,NA,NA,NA,NA,21003.020548,NA,NA,NA,NA,414082.52737559,1897605.2547757,1105595.1158071,168163.2783052,611247.4361123,4.1583364,862.6086372,7030.1347861,4702.5227914,11732.6575775
2025-12-09,1463544.114682,454045.3312185,-444463.5724212,484537.0958008,205239.523986,205239.523986,NA,NA,NA,NA,13201.8986302,NA,NA,NA,NA,413971.8078389,1917589.4459005,1104809.6325506,185627.6743083,610901.4587094,4.0578921,862.7998257,7009.4841999,8374.3384145,15383.8226144
2025-12-10,1456258.3294586,444926.2850241,-455410.6951696,485049.3489827,202000,160000,NA,42000,NA,NA,9501.3664383,NA,NA,NA,NA,415287.63121100003,1901184.6144827,1105640.4251756,176669.8271262,607755.1707876,4.0137859,862.9462457,5704.2286736,4548.0026881,10252.2313617
2025-12-11,1463736.7115909,439408.88026131,-454013.3852693,479639.0090523,202039.196929,160031.193964,NA,42008.002965,NA,NA,15002.1575342,NA,NA,NA,NA,413783.25647831,1903145.5918522,1104505.9614756,172919.0713045,614718.114649,3.8643163,864.4201731,5795.232409,4338.9275247,10134.1599337
2025-12-12,1458077.6259433,435972.25647152,-446476.1832642,468586.3555585,202078.393857,160062.387929,NA,42016.005928,NA,NA,27503.9554794,NA,NA,NA,NA,413862.08417722,1894049.8824148,1107070.8668956,161285.0169478,613494.1197861,3.7800747,864.6700353,6674.3091259,4657.1195494,11331.4286753
2025-12-15,1458571.5314029,419004.05560915,-440158.2795377,445595.6884085,202195.984641,160155.96982,NA,42040.014821,NA,NA,49507.119863,NA,NA,NA,NA,413566.64673835,1877575.587012,1105184.4955246,135628.3341034,618624.858465,3.5197513,991.845119,11303.3365729,5839.1974758,17142.5340487
2025-12-16,1473288.5393712,412383.42084473,-448128.8160356,447686.5242269,202235.181573,160187.163787,NA,42048.017786,NA,NA,47506.8321916,NA,NA,NA,NA,412825.71265343,1885671.9602159,1104042.3866239,132600.1397742,634707.0141842,3.4103744,992.3973978,8553.8454603,4772.7664011,13326.6118614
2025-12-17,1480092.6492575,544080.41949496,-447783.8795592,579002.7241497,286000,225000,NA,61000,NA,NA,NA,NA,NA,NA,NA,412861.57490446,2024173.0687525,1101359.049373,282274.5232794,625786.5397189,3.3518803,991.2344653,9049.1053898,4709.2646458,13758.3700356
2025-12-18,1547915.7638193,471701.24882972,-514155.0457276,572106.5667941,286053.433571,225042.436051,NA,61010.99752,NA,NA,7000.9589041,NA,NA,NA,NA,413749.72776322,2019617.012649,1102716.222911,271055.6162642,630731.6508221,3.2372497,991.1225506,8692.2218047,5426.9410467,14119.1628514
2025-12-19,1532873.6836881,444453.91914623,-548222.3249595,579358.824123,286106.867146,225084.872105,NA,61021.995041,NA,NA,NA,NA,NA,NA,NA,413317.41998273,1977327.6028343,1109451.340879,231770.6483547,621349.4630399,3.1812021,990.9088087,9449.1906087,4312.8699412,13762.0605499
2025-12-22,1534750.9692549,394955.91958644,-583778.2140455,565620.5576685,286267.167862,225212.18026,NA,61054.987602,NA,NA,14001.9178082,NA,NA,NA,NA,413113.57596344,1929706.8888413,1110000.525078,179799.5093404,624481.6183101,3.0613377,936.6093408,10741.0052743,3744.56016,14485.5654343
2025-12-23,1551072.4146196,391759.36365165,-576903.2793867,563725.1492768,286320.601438,225254.616313,NA,61065.985125,NA,NA,16002.1917808,NA,NA,NA,NA,404937.49376155,1942831.7782712,1108208.8761519,196170.2257781,624348.2693085,4.886004,938.1279699,9380.161987,3781.2310718,13161.3930588
2025-12-24,1589231.5035341,517264.6991805,-567074.2865513,678994.8597975,536000,200000,NA,336000,NA,NA,152520.890411,NA,NA,NA,NA,405344.1259343,2106496.2027146,1109735.5226174,324090.130282,656395.4521656,5.3119468,937.9247455,11395.3738536,3936.4871037,15331.8609573
2025-12-25,1599127.849059,488263.19586192,-549523.11076,626284.7110833,536099.034063,200038.71927,NA,336060.314793,NA,NA,202027.6712329,NA,NA,NA,NA,411501.59553862,2087391.0449209,1115343.7234574,291821.7754965,669012.9266617,5.2433239,938.1432549,6352.4006537,3916.8320728,10269.2327265
2025-12-26,1611712.6820678,455316.51161945,-507906.4767074,552029.3968092,536198.068133,200077.438542,NA,336120.629591,NA,NA,275537.739726,NA,NA,NA,NA,411193.59151765,2067029.1936872,1126688.7767174,236654.4013347,681921.1902097,5.1588311,884.2997384,16893.1072222,3982.2596337,20875.3668559
2025-12-29,1582506.5746332,485114.23894983,-461604.6536733,537077.0390844,536495.170328,200193.596355,NA,336301.573973,NA,NA,290639.8082192,NA,NA,NA,NA,409641.85353873,2067620.813583,1139566.5834074,240523.4759619,671416.3301419,4.9830728,1292.1382247,9730.9375909,5086.3651834,14817.3027743
2025-12-30,1633941.88491,438992.24931138,-489537.2780286,518832.5223724,536693.23846,200232.315627,NA,336460.922833,NA,NA,309184.6849315,NA,NA,NA,NA,409697.00496758,2072934.1342214,1152022.6290064,211013.0467119,697905.3471,4.9344946,1294.6649879,6577.8895986,4115.622322,10693.5119206
2026-01-05,1562172.7046507,392101.34882091,-465271.2203026,447497.3013862,197223.098213,130000,NA,NA,67223.098213,NA,41305.6575342,NA,NA,NA,NA,409875.26773731,1954274.0534716,1150034.3373944,164366.3469954,627799.4988894,4.7099093,1292.5695223,6643.3885708,4133.20219,10776.5907608
2026-01-07,1565100.4385999,350847.20110915,-469449.4803257,411680.9125059,130000,130000,NA,NA,NA,NA,10001.3698631,NA,NA,NA,NA,408615.76892895,1915947.639709,1143739.5833444,130377.5124775,625981.4537728,4.5361224,1293.3827928,6520.3525563,8030.8186428,14551.1711991
2026-01-08,1556035.9184644,343611.48963906,-475593.845809,409781.2552153,130024.749877,130024.749877,NA,NA,NA,NA,6400.8767123,NA,NA,NA,NA,409424.08023276,1899647.4081035,1136937.9298204,128737.208521,621881.8267698,4.4460252,1291.9571673,6529.7370622,4264.3027376,10794.0397998
2026-01-09,1554413.1766389,342813.39214989,-479194.8476425,410248.9006019,132049.499752,130049.499752,NA,NA,2000,NA,8001.0958904,NA,NA,NA,NA,411759.33919049,1897226.5687888,1130349.6795725,132755.5541127,621605.8364595,4.4080607,1210.9501639,6892.4414826,4407.6989369,11300.1404195
2026-01-12,1559423.3663098,329376.10039546,-485672.8403231,404973.9276421,130123.749383,130123.749383,NA,NA,NA,NA,11501.5753425,NA,NA,NA,NA,410075.01307646,1888799.4667053,1124664.2432569,128440.1512438,625637.4887144,4.2053142,1212.1813369,4604.987083,4236.2097561,8841.1968390998
2026-01-13,1588463.9176741,282930.9208562,-488204.4731405,360847.9851261,130148.499258,130148.499258,NA,NA,NA,NA,55957.6643835,NA,NA,NA,NA,410287.4088706,1871394.8385303,1117532.6806869,119141.8321484,624617.533942,4.0814234,1210.685657,4659.0390811,4228.9855915,8888.0246726
2026-01-14,1576553.9227978,417249.52672736,-557712.2582556,559207.6436082,272500,272500,NA,NA,NA,NA,NA,NA,NA,NA,NA,415754.14137476,1993803.4495252,1112790.7697069,255866.2262657,614615.3662656,3.937487,1208.8660287,4695.2471687,4623.0366026,9318.2837713
2026-01-15,1589876.2260028,428618.81168142,-548905.5941045,559310.1909479,272552.044808,272552.044808,NA,NA,NA,NA,NA,NA,NA,NA,NA,418214.21483802,2018495.0376842,1109099.8333762,286648.7178007,610818.323941,3.8134655,1205.4980209,6372.8641435,4345.9869364,10718.8510799
2026-01-16,1611316.5481712,419743.17906344,-556738.0435546,559412.7474681,272604.08962,272604.08962,NA,NA,NA,NA,NA,NA,NA,NA,NA,417068.47514994,2031059.7272346,1106007.1514762,281779.0180331,631302.5555855,3.6853296,1159.9891549,6428.0989046,4379.2287507,10807.3276553
2026-01-19,1610020.8840358,391580.45953134,-587100.9532004,559720.4721069,272760.224048,272760.224048,NA,NA,NA,NA,NA,NA,NA,NA,NA,418960.94062484,2001601.3435671,1105969.8522123,250752.4480951,632292.936655,3.3718331,1157.2020412,6593.6438209,4831.8889095,11425.5327304
2026-01-20,1616010.32162,311311.92786035,-664761.8906153,559920.7976736,272812.268857,272812.268857,NA,NA,NA,NA,NA,NA,NA,NA,NA,416153.02080205,1927322.2494803,1101597.6421423,203032.2904591,607851.4972582,3.1944444,1161.5218277,9203.1116281,4472.9917205,13676.1033486
2026-01-21,1621545.1912764,296072.25965162,-666872.0572926,547154.1068167,260000,260000,NA,NA,NA,NA,NA,NA,NA,NA,NA,415790.21012752,1917617.450928,1093730.6122493,194470.36083,613082.8978918,2.9675093,1160.7817446,9129.8119058,6040.0187972,15169.830703
2026-01-22,1641037.7101633,290957.3229332,-665327.1070743,540248.9834405,260049.668388,260049.668388,NA,NA,NA,NA,7000.9589041,NA,NA,NA,NA,416035.446567,1931995.0330965,1088300.0418393,210191.8142871,616188.564646,2.838058,1318.477624,10696.4838895,5296.8127526,15993.2966421
2026-01-23,1636700.1662465,289320.93979298,-668501.2267513,542302.6380408,260099.336777,260099.336777,NA,NA,NA,NA,6000.8219178,NA,NA,NA,NA,415519.52850348,1926021.1060395,1089925.4770493,205119.01313,611486.7052104,4.6782987,1276.9786172,12992.36093,5215.8928039,18208.2537339
2026-01-26,1639197.2491336,297003.60969146,-663141.6385968,547375.2431265,260248.341944,260248.341944,NA,NA,NA,NA,NA,NA,NA,NA,NA,412770.00516176,1936200.8588251,1093306.6184193,214350.3881726,612714.993063,4.4745725,1280.5081756,10069.9486952,4473.9277269,14543.8764221
2026-01-29,1643571.6565085,289465.96536387,-644978.1830557,523351.7080168,239500,180000,NA,59500,NA,NA,1500.2054795,NA,NA,NA,NA,411092.44040277,1933037.6218724,1088287.1841623,189632.3381732,619486.030593,4.0036024,1284.4654282,29103.1956862,5240.4042271,34343.5999133
2026-01-30,1661981.0005137,270433.99546759,-651658.8291307,509298.7484296,239588.904847,180067.650905,NA,59521.253942,NA,NA,15704.3013698,NA,NA,NA,NA,412794.07616869,1932414.9959813,1087307.7984546,188146.1803554,640195.0911961,3.8474196,1282.3897053,10643.6744065,4836.0144438,15479.6888503
2026-02-02,1634483.524967,304848.83506521,-599483.2727703,492188.0151256,239677.8097,180135.301815,NA,59542.507885,NA,NA,33004.5205479,NA,NA,NA,NA,412144.09270991,1939332.3600322,1088426.9848159,217754.4688451,617446.8854096,3.4105191,1249.8604057,10229.6507664,4221.0992704,14450.7500368
2026-02-03,1650127.8780075,274821.90337199,-601012.9231642,460994.9857731,239722.262121,180169.127264,NA,59553.134857,NA,NA,64508.8356164,NA,NA,NA,NA,414839.84076308,1924949.7813795,1087598.7024854,203391.3833658,616194.8201938,5.0810963,1568.6846212,11496.1878933,4694.9217237,16191.109617
2026-02-04,1657464.460528,212449.75603856,-597063.6423884,393929.1904655,128000,100000,NA,NA,28000,NA,19902.7260274,NA,NA,NA,NA,415584.20796145,1869914.2165666,1088865.5811304,152335.5071959,613032.1594963,4.8877964,1569.2729569,10152.0929405,3954.7150502,14106.8079907
2026-02-05,1671691.6976214,187155.64816866,-585649.796759,356061.6518415,104018.555231,100018.555231,NA,NA,4000,NA,33804.630137,NA,NA,NA,NA,416743.79308616,1858847.3457901,1086774.2374758,128542.8434802,627265.4012531,4.7287126,1567.2179924,9979.8152793,4713.1015967,14692.916876
2026-02-06,1669628.983833,177845.55485835,-582252.7312708,345409.0103228,100037.110461,100037.110461,NA,NA,NA,NA,42005.7534248,NA,NA,NA,NA,414689.27580635,1847474.5386913,1091938.1500258,131996.419905,607240.8860155,4.3962694,1488.8499286,10277.9587953,4527.8777517,14805.836547
2026-02-09,1692638.8332143,156362.36896888,-582035.607749,326714.0232954,100092.776157,100092.776157,NA,NA,NA,NA,60908.3424658,NA,NA,NA,NA,411683.95342248,1849001.2021832,1094612.8228658,110296.8804606,627264.4921948,4.0685021,1816.3802698,10344.2676376,4662.2902525,15006.5578901
2026-02-10,1731062.444794,148061.64181846,-577655.7633226,313210.3079891,100111.331388,100111.331388,NA,NA,NA,NA,74510.2054795,NA,NA,NA,NA,412507.09715196,1879124.0866125,1092636.5675358,119975.1052091,651244.7778324,3.9348969,1818.8435171,8492.7027906,4952.1548306,13444.8576212
2026-02-11,1742274.3196856,251617.63352479,-595415.759796,433859.8598407,146200,146200,NA,NA,NA,NA,NA,NA,NA,NA,NA,413173.53348009,1993891.9532104,1090842.4766748,239414.4399883,648626.314034,3.831055,1817.7452075,8343.5059043,4843.6403465,13187.1462508
2026-02-12,1743694.9276688,255404.19094867,-594838.8167956,434049.1684807,146226.980363,146226.980363,NA,NA,NA,NA,NA,NA,NA,NA,NA,416193.83926357,1999099.1186175,1088365.8128523,244351.565902,651335.3070479,3.7393392,1815.784408,8433.709194,4793.1998741,13226.9090681
2026-02-13,1766220.2340702,260477.30309911,-591932.8050117,434244.2525433,146253.96072,146253.96072,NA,NA,NA,NA,NA,NA,NA,NA,NA,418165.85556751,2026697.5371693,1091172.3442123,254811.4216635,665289.3678115,3.6219968,1811.7894589,8831.9438045,4777.0482218,13608.9920263
2026-02-16,1770021.9263776,242653.31097789,-586454.0602967,414474.6656354,146334.901804,146334.901804,NA,NA,NA,NA,20002.739726,NA,NA,NA,NA,414632.70563919,2012675.2373555,1093363.6282923,235061.2212837,666682.1893467,3.240622,2139.447765,10280.2711765,5145.2388693,15425.5100458
2026-02-17,1755822.20623,245532.04341879,-585999.3610106,412534.6461483,146361.882164,146361.882164,NA,NA,NA,NA,22003.0136986,NA,NA,NA,NA,418996.75828109,2001354.2496488,1088889.9380488,245906.8083712,648558.4629983,3.0385719,2133.4070806,10644.7069669,5217.8876111,15862.594578
2026-02-18,1754877.5053837,205716.99943502,-599846.5980208,388215.0460966,100000,90000,NA,NA,10000,NA,NA,NA,NA,NA,NA,417348.55135922,1960594.5048187,1085072.1097498,212118.6499536,645657.2027318,2.8655519,2137.7270907,10359.2708758,5246.6788651,15605.9497409
2026-02-19,1750752.3780929,183663.25462762,-625161.452513,388282.3186494,100016.503706,90016.503706,NA,NA,10000,NA,NA,NA,NA,NA,NA,420542.38849123,1934415.6327205,1082400.2442763,189039.6093773,645107.9216017,2.754177,2130.7578835,10424.10061,5310.2447947,15734.3454047
2026-02-20,1751909.8728022,164721.65245688,-656972.1642793,400660.6423595,112035.199194,90033.007413,NA,20000,2002.191781,NA,NA,NA,NA,NA,NA,421033.17437668,1916631.5252591,1084521.7075563,163378.9207128,647222.7872193,2.5939666,2128.5800753,14050.0591594,5326.8765694,19376.9357288
2026-02-23,1758966.0396211,154037.14656623,-661271.0297233,398854.7311042,110093.409356,90082.518533,NA,20010.890823,NA,NA,NA,NA,NA,NA,NA,416453.44518533,1913003.1861873,1077884.989984,171938.9879887,641046.2741584,3.4446803,2453.6352845,14456.9226102,5218.9314812,19675.8540914
2026-02-24,1763187.4507914,143839.12767489,-667209.2597366,397211.6925075,110113.543337,90099.022241,NA,20014.521096,NA,NA,NA,NA,NA,NA,NA,413836.694904,1907026.5784663,1073887.436154,168947.9640364,644846.0141485,3.3489595,2449.0150093,12572.1074063,4320.6927523,16892.8001586
2026-02-25,1762246.0229955,207051.06860045,-655845.3908353,440687.0914664,147500,90000,NA,57500,NA,NA,NA,NA,NA,NA,NA,422209.36796935,1969297.0915959,1069811.518906,226059.977391,646467.1908867,3.1713115,2442.8896119,20064.6658795,4447.6776093,24512.3434888
2026-02-26,1770401.9001154,207793.87159558,-655154.623844,440765.7773113,147526.92011,90016.581021,NA,57510.339089,NA,NA,NA,NA,NA,NA,NA,422182.71812828,1978195.771711,1067732.5182251,229616.6095584,653893.6318376,3.0197797,2445.3060535,20060.3455166,4444.3407401,24504.6862567
2026-02-27,1780875.8522244,209044.42938462,-654015.3255826,440923.1772982,147580.760328,90060.082149,NA,57520.678179,NA,NA,NA,NA,NA,NA,NA,422136.57766902,1989920.281609,1072361.6819319,225824.3075345,663990.4134227,2.9090463,2444.9524852,20052.7391903,5243.2779981,25296.0171884
2026-03-02,1762195.3667016,273923.23344183,-591358.6550436,441049.4715916,147634.600554,90082.905108,NA,57551.695446,NA,NA,NA,NA,NA,NA,NA,424232.41689383,2036118.6001434,1073085.6027823,281620.9332295,652188.6099614,2.5468414,2440.8686353,22388.7983799,4391.2403136,26780.0386935
2026-03-03,1759901.8898593,236920.10797253,-590809.4582421,401122.7202029,147661.520665,90099.486129,NA,57562.034536,NA,NA,40005.479452,NA,NA,NA,NA,426606.84601173,1996821.9978318,1073178.1608373,264190.9956965,640143.8346504,2.3827819,2430.5777931,12143.5581253,4732.4879473,16876.0460726
2026-03-04,1770829.1656416,145536.36153114,-588234.1557345,311014.7292582,45000,45000,NA,NA,NA,NA,27503.7671233,NA,NA,NA,NA,422755.78800744,1916365.5271727,1076256.0960473,172858.6397977,646954.189535,2.2769487,2439.433317,12573.2745357,5281.6169913,17854.891527
2026-03-05,1777702.2017676,159079.69601922,-570275.9807872,305574.099919,45008.297251,45008.297251,NA,NA,NA,NA,33004.5205479,NA,NA,NA,NA,423781.57688742,1936781.8977868,1077972.1869476,183884.3117112,655430.2032167,3.1724373,2435.8571581,11720.3619693,5335.8043466,17056.1663159
2026-03-06,1763172.5563704,150338.60401358,-571062.3083941,295632.8635867,45016.594503,45016.594503,NA,NA,NA,NA,43005.8904109,NA,NA,NA,NA,425768.04882098,1913511.160384,1085762.3568276,167034.9075088,643238.550858,2.9768132,2431.8314773,10257.0703909,4783.4665082,15040.5368991
2026-03-09,1768997.5260618,192876.29529964,-552966.5789469,321801.0522036,45041.48626,45041.48626,NA,NA,NA,NA,17002.3287671,NA,NA,NA,NA,424041.82204294,1961873.8213614,1086462.3690576,207977.6141565,649871.9993108,3.6063683,2430.7988838,10266.5178148,4860.9157696,15127.4335844
2026-03-10,1757968.9916869,176022.69404369,-546895.2348264,300014.8363917,45049.783511,45049.783511,NA,NA,NA,NA,39005.3424657,NA,NA,NA,NA,422903.09247839,1933991.6857306,1089281.2325351,180814.337452,647030.5195286,3.4948304,2437.6187559,9554.1115917,4870.3710369,14424.4826286
2026-03-11,1755976.2756919,191596.04362313,-567689.7673338,332221.689219,42700,30000,NA,NA,12700,NA,4500.6164384,NA,NA,NA,NA,427064.12173793,1947572.319315,1087887.3697051,197243.2445549,645534.383683,3.3441918,2434.3691433,9634.9093097,4834.6987272,14469.6080369
2026-03-12,1756025.8308175,176158.63449081001,-570768.6069791,319278.5690166,34205.576466,30005.576466,NA,NA,4200,NA,9001.2328768,NA,NA,NA,NA,427648.67245331,1932184.4653083,1087049.8518951,182514.518898,646469.753344,5.1938786,1677.0223435,9469.4061451,4998.718804,14468.1249491
2026-03-13,1754028.3726084,169641.47498621,-569473.2880592,309435.293894,30011.152931,30011.152931,NA,NA,NA,NA,14702.0136987,NA,NA,NA,NA,429679.46915141,1923669.8475946,1088998.0912851,171693.3255967,646880.0682748,5.0921271,1670.109656,9595.7569546,4827.4037003,14423.1606549
2026-03-16,1751780.3174372,179478.07156565,-564654.5728064,315108.6212164,30027.882328,30027.882328,NA,NA,NA,NA,9201.260274,NA,NA,NA,NA,429024.02315565,1931258.3890028,1089480.7489449,176709.5191914,647744.9474753,5.8574823,1486.0096781,11136.5790492,4694.7271816,15831.3062308
2026-03-17,1783603.5174525,181107.44612253,-578137.0091225,331224.3082196,46033.458795,30033.458795,NA,NA,16000,NA,10301.410959,NA,NA,NA,NA,428020.14702543,1964710.963575,1085677.2120049,181993.8133277,679865.9910857,5.6904814,1488.2917133,11214.3946601,4465.5703019,15679.964962
2026-03-18,1784202.8086281,287292.4955398,-590824.9949841,450544.4276604,155000,95000,NA,60000,NA,NA,NA,NA,NA,NA,NA,427573.0628635,2071495.3041679,1081070.0195649,294290.710087,678887.5413151,5.6901484,1490.2260022,11232.1810262,4518.9360241,15751.1170503
2026-03-19,1778565.2874513,250752.58018115,-629149.1359947,450625.1737065,155028.569261,95017.747861,NA,60010.8214,NA,NA,NA,NA,NA,NA,NA,429276.54246935,2029317.8676324,1078914.2932142,257946.1290236,674906.8535833,5.5885945,1486.5490235,11395.3271278,4663.1270655,16058.4541933
2026-03-20,1779887.8609778,191364.93714245,-687314.4456717,450705.929258,155057.138524,95035.495784274,NA,60021.642739726,NA,NA,NA,NA,NA,NA,NA,427973.45355615,1971252.7981202,1079629.4055442,194902.5513741,676067.9292172,5.526575,1491.7695775,14405.9995041,4749.6163281,19155.6158322
2026-03-23,1770508.1900636,194858.31879281,-685612.8182,450191.3850957,155142.846309,95088.73931,NA,60054.106999,NA,NA,NA,NA,NA,NA,NA,430279.75189711,1965366.5088564,1075354.3612442,191471.1633107,676477.8975405,6.2462774,1487.5273933,15584.2573299,4985.0557604,20569.3130903
2026-03-24,1768707.5875583,190663.58225748,-687847.3682375,451644.5326495,155171.415571,95106.487172,NA,60064.928399,NA,NA,NA,NA,NA,NA,NA,426866.41784548,1959371.1698158,1069518.2382584,194393.8658447,675256.37571090006,6.1314799,1493.7351118,13565.7317295,5137.0916806,18702.8234101
2026-03-25,1775163.8873723,239695.70380946,-663688.8712375,476519.9904943,220000,95000,NA,125000,NA,NA,40005.4794521,NA,NA,NA,NA,426864.58455266,2014859.5911818,1064583.9949354,237531.755093,682515.3111336,5.9564974,1494.1770555,23488.3524464,5240.0440205,28728.3964669
2026-03-26,1780643.9686406,238600.59956956,-660773.7582772,472496.0943741,220041.396192,95018.267891,NA,125023.128301,NA,NA,44006.0273973,NA,NA,NA,NA,426878.26347266,2019244.5682102,1064193.2451054,247361.0114528,688403.1241647,5.8338033,1491.9135095,12687.6193765,5101.820798,17789.4401745
2026-03-27,1769284.0379852,226482.66896755,-659096.2145281,456587.6500393,220082.792383,95036.53578,NA,125046.256603,NA,NA,60008.219178,NA,NA,NA,NA,428991.23345635,1995766.7069527,1067409.0703954,226140.2561926,680780.1663893,5.6566789,1488.4911597,15189.2018365,4753.8643003,19943.0661368
2026-03-30,1770400.4313264,253499.13790623,-661682.3023211,487859.5868329,220206.980959,95091.339453,NA,125115.641506,NA,NA,29003.9726027,NA,NA,NA,NA,427321.85339443,2023899.5692326,1065966.8574454,261969.8075606,680290.1740052,5.444289,1488.8392119,9333.6088525,4844.837868,14178.4467205
2026-03-31,1791911.549871,245773.2338753,-663507.6435531,480952.4707878,220248.377152,95109.607343,NA,125138.769809,NA,NA,36004.9315068,NA,NA,NA,NA,428328.4066406,2037684.7837463,1061819.524121,257429.8070588,702865.2778356,5.3474886,1485.5765464,9397.7558499,4681.494846,14079.2506959
2026-04-01,1766507.2429416,219004.92486392,-610642.8868925,404459.2305641,112700,65000,NA,47700,NA,NA,5000.6849315,NA,NA,NA,NA,425188.58119232,1985512.1678055,1062109.179291,228529.8422268,679277.9745317,5.1851482,1494.5175655,9380.7429991,4714.7260432,14095.4690423
2026-04-02,1787541.3468902,230088.23700864,-601923.3148179,405532.7608493,112720.972924,65012.183501,NA,47708.789423,NA,NA,4000.5479452,NA,NA,NA,NA,426478.79097724,2017629.5838988,1064570.182451,233130.3698749,703198.0052381,4.9912547,1488.3694115,10023.48994,5214.1757286,15237.6656686
2026-04-03,1794690.6778074,216347.62508853,-596472.4329745,386586.2914911,112741.945845,65000,NA,47700,NA,NA,23003.1506849,NA,NA,NA,NA,426233.76657193,2011038.3028959,1076192.257111,208931.0990041,709132.1317906,4.8354093,1483.0504395,10111.3295004,5183.599641,15294.9291414
2026-04-06,1790512.6690259,232142.38679452,-584771.3798324,389806.9578946,112804.864612,65060.917507,NA,47743.947105,NA,NA,20002.739726,NA,NA,NA,NA,427106.80873232,2022655.0558204,1079537.389157,221023.5212408,705427.6550417,4.5676201,1482.1853739,10116.3069021,5063.4304848,15179.7373869
2026-04-07,1769781.9483069,233389.69491168,-583854.0670832,389568.0024298,112825.837535,65073.101009,NA,47752.736526,NA,NA,21502.9452055,NA,NA,NA,NA,427675.75956508,2003171.6432186,1082019.554137,219399.368818,685125.2824571,21.422613,1481.8938327,10170.4301802,4953.6911806,15124.1213608
2026-04-08,1773814.610934,183520.6289021,-568041.7010932,326796.370546,39000,35000,NA,NA,4000,NA,10501.4383562,NA,NA,NA,NA,424765.9594493,1957335.2398361,1085871.766137,167269.8109849,687287.179586,6.254247,1640.2363703,10380.312359,4879.6801519,15259.9925109
2026-04-09,1774834.2450318,173830.96469038,-572776.2294481,319855.2329079,35006.564914,35006.564914,NA,NA,NA,NA,13501.8493151,NA,NA,NA,NA,426751.96123058,1948665.2097222,1088843.564612,152998.3590457,689644.3468047,6.0720138,1638.2129903,10605.9499867,4928.704269,15534.6542557
2026-04-10,1771255.1037795,168916.56522639,-574182.5141549,314510.2734618,35013.129827,35013.129827,NA,NA,NA,NA,9501.3013699,NA,NA,NA,NA,428588.80591949,1940171.6690059,1094307.340714,144025.1017235,686639.4548538,6.028255,1639.442289,8912.7911641,4641.5100065,13554.3011706
2026-04-13,1786611.0190451,177305.50311913,-565684.8712153,312182.4219284,35032.824567,35032.824567,NA,NA,NA,NA,12001.6438356,NA,NA,NA,NA,430807.95240603,1963916.5221642,1097685.447214,159855.3266414,688358.050614,5.8008005,1636.2097996,11760.8569007,4614.830194,16375.6870947
2026-04-14,1805734.4078026,197922.46395347,-575500.8327433,345019.7199725,64339.389481,35039.389481,NA,NA,29300,NA,8701.1917809,NA,NA,NA,NA,428403.57672427,2003656.8717561,1095368.936359,188192.0081799,704807.8891474,5.7080158,1642.4917085,8264.9739135,5374.864432,13639.8383455
2026-04-15,1792119.4679687,417212.96074208,-572850.8380457,558672.5890465,270000,190000,NA,80000,NA,NA,NA,NA,NA,NA,NA,431391.20974128,2209332.4287108,1094650.911725,397566.1777416,697803.2029675,5.6118715,1638.1616066,10643.7279784,7024.6348202,17668.3627986
2026-04-16,1805723.0361285,399782.06856621,-590997.303591,558773.8251453,270050.397903,190035.767741,NA,80014.630162,NA,NA,NA,NA,NA,NA,NA,432005.54701191,2205505.1046947,1095129.5005948,394458.4491485,697507.2964363,5.4978777,1637.2441484,9915.8483854,6851.2681036,16767.116489
2026-04-17,1817893.6034429,366980.25484701,-624549.6844733,558875.0704832,270100.795805,190071.535485,NA,80029.26032,NA,NA,NA,NA,NA,NA,NA,432654.86883711,2184873.8582899,1097084.5231608,357710.0526316,712460.6544403,5.4507833,1632.8787023,10900.3961444,5079.9024272,15980.2985716
2026-04-18,1819225.1701281,302480.44035356,-686708.8856243,555975.9141144,270151.193709,190107.303226,NA,80043.890483,NA,NA,3000.4109589,NA,NA,NA,NA,433213.41186346,2121705.6104817,1098303.7844038,289882.4610256,714150.5516143,5.4507833,1630.8165473,11750.496123,5982.0499844,17732.5461074
2026-04-20,1801705.4032417,166273.94866253,-812460.0412433,546277.8626844,270251.989518,190178.838713,NA,80073.150805,NA,NA,NA,NA,NA,NA,NA,432456.12722143,1967979.3519042,1095911.0535246,151101.248721,702367.8505879,5.0230174,1627.6821862,12193.9976664,4772.4962007,16966.4938671
2026-04-21,1807607.4084676,151605.36173506,-828952.1631474,546369.7300711,270302.38742,190214.606455,NA,80087.780965,NA,NA,NA,NA,NA,NA,NA,434187.79481136,1959212.7702027,1091261.9617046,155674.6474858,693548.0204356,4.851353,1626.1032388,12156.2453102,4940.9406747,17097.1859849
2026-04-22,1803734.4165051,203494.88102809,-825206.3621069,593315.5113522,317200,145000,NA,172200,NA,NA,NA,NA,NA,NA,NA,435385.73178279,2007229.2975332,1089428.9771846,204098.630122,691763.9767759,4.684106,1624.6774685,15488.1947098,4820.1571664,20308.3518762
2026-04-23,1801915.7151006,205715.34025368,-824449.4917408,594398.4640315,317258.662355,145027.399936,NA,172231.262419,NA,NA,NA,NA,NA,NA,NA,435766.36796298,2007631.0553543,1092450.3818746,208144.5565107,688889.1794368,4.4671659,1618.3933618,11840.2564174,4683.8205871,16524.0770045
2026-04-27,1813578.6243855,215012.28300188,-814244.924479,594826.6598613,317493.311791,145136.999685,NA,172356.312106,NA,NA,NA,NA,NA,NA,NA,434430.54761958,2028590.9073874,1092819.7004386,221637.1297855,685062.7393033,4.1749084,1621.2817178,22802.6516355,4643.2295983,27445.8812338
2026-04-28,1812729.8931883,213667.23376908,-818779.4927044,595244.9070715,317551.974149,145164.399622,NA,172387.574527,NA,NA,NA,NA,NA,NA,NA,437201.81940198,2026397.1269574,1090778.4482486,233093.9123901,686199.1539152,5.9618422,1803.4225141,9690.8126141,4825.4154331,14516.2280472
2026-04-29,1791146.9871527,379800.96663672,-447730.4098196,403241.4081973,125500,5000,NA,120500,NA,NA,NA,NA,NA,NA,NA,424289.96825902,2170947.9537894,1092524.7252416,373701.1728734,687325.9206958,5.820086,1803.2417651,10753.1521956,4833.9209319,15587.0731275
2026-04-30,1803089.8734876,235336.56101803,-545473.5607839,346304.9489166,125522.86491,5000.965753,NA,120521.899157,NA,NA,57007.8082191,NA,NA,NA,NA,434505.17288533,2038426.4345056,1099361.2657309,207870.5476165,713469.928616,5.6397127,1801.953887,10219.7498872,5697.3490553,15917.0989425
2026-05-05,1783066.935899,256705.95169675,-487614.7225075,308656.6195399,125637.189477,5005.794521,NA,120631.394956,NA,NA,95013.0136986,NA,NA,NA,NA,435664.05466435,2039772.8875957,1104797.7805059,223851.4594311,694429.2243534,4.9827651,1799.0598445,10017.4993428,4872.8813529,14890.3806957
2026-05-06,1808829.0570618,180822.77041791,-487677.3050787,231074.2680294,2000,2000,NA,NA,NA,NA,49006.7123287,NA,NA,NA,NA,437425.80746721,1989651.8274797,1106214.6211059,178025.5152261,687405.2350483,4.8140555,1803.1137577,11319.6447275,4878.8835587,16198.5282862
2026-05-07,1807808.0511099,161453.34719389,-480969.0191084,202619.2764032,2000.367123,2000.367123,NA,NA,NA,NA,77510.6164383,NA,NA,NA,NA,439803.08989909,1969261.3983038,1108224.8717038,154684.3519021,688014.5344643,4.7518189,1496.5551706,11611.0422121,5225.291032,16836.3332441
2026-05-08,1810178.8194364,157045.87505964,-478334.9573174,193195.5436039,2000.734247,2000.734247,NA,NA,NA,NA,88812.1643834,NA,NA,NA,NA,442185.28877314,1967224.694496,1115048.4651338,158736.3024343,675861.4927557,4.6315892,1495.524293,10887.2948507,5190.9834393,16078.27829
2026-05-11,1817173.1019385,120289.92796404,-482627.3147696,162018.3494198,2001.835616,2001.835616,NA,NA,NA,NA,113715.5753425,NA,NA,NA,NA,440898.89331384,1937463.0299025,1117899.8638978,119020.3013652,683887.9867439,4.3713406,1495.789353,9900.8005487,5253.9166533,15154.717202
2026-05-12,1819269.3638429,141092.46752761,-464983.7029114,161266.3792023,2002.20274,2002.20274,NA,NA,NA,NA,114515.6849314,NA,NA,NA,NA,444809.79123671,1960361.8313705,1118527.7349908,134076.1297421,691658.179371,4.1114364,1493.1829059,9886.9672973,4715.525627,14602.4929243
2026-05-13,1820968.9300866,272268.53439653,-484376.8378741,311327.6422729,37500,37500,NA,NA,NA,NA,NA,NA,NA,NA,NA,445317.72999773,2093237.4644831,1117893.0838039,268813.2531957,689083.4576997,3.9314694,1477.2882725,11258.7476338,4707.7024081,15966.4500419
2026-05-14,1826697.9061876,279373.78343547,-478873.513782,311382.3980972,37506.966315,37506.966315,NA,NA,NA,NA,NA,NA,NA,NA,NA,446864.89912026,2106071.6896231,1117868.8548139,271990.4146166,698480.6781002,3.8170215,1477.6841076,10946.8898758,5303.3510875,16250.2409633
2026-05-15,1795888.5747341,277267.38683824,-467074.9763548,294844.837366,37513.93263,37513.93263,NA,NA,NA,NA,17002.3287671,NA,NA,NA,NA,449497.52582704,2073155.9615723,1124194.9649139,239715.6898227,690293.8742521,4.1466086,1463.5523933,12660.5384856,4823.1950961,17483.7335817
2026-05-18,1801167.1418599,280017.56427974,-481056.1464813,311980.1847921,37534.831576,37534.831576,NA,NA,NA,NA,NA,NA,NA,NA,NA,449093.52596894,2081184.7061396,1127950.2536203,252315.8452117,682005.9427306,3.9271439,1461.9745097,12584.9141431,4861.8487803,17446.7629234
2026-05-19,1802306.2605838,248545.85997079,-510476.700264,312970.8182463,37541.797891,37541.797891,NA,NA,NA,NA,NA,NA,NA,NA,NA,446051.74198849,2050852.1205546,1126428.4454803,223637.8146661,681670.6296591,3.7704932,1462.5119644,11978.5877153,5670.3605762,17648.9482915
2026-05-20,1809103.529207,205161.7676966,-550488.6782043,307483.6138842,32006.521603,25000,NA,NA,7006.521603,NA,NA,NA,NA,NA,NA,448166.8320167,2014265.2969036,1124408.4327728,184748.3766265,683159.1458738,3.5953289,1772.1407366,15104.3372731,5069.2682919,20173.605565
2026-05-21,1825951.0409235,208296.12893823,-541681.8927299,300036.0300852,25004.695931,25004.695931,NA,NA,NA,NA,NA,NA,NA,NA,NA,449941.99158293,2034247.1698617,1124033.0142263,207494.108739,681816.3767417,3.4097001,1772.783488,14268.9003322,4858.5766344,19127.4769666
2026-05-22,1851912.5072416,198776.70931612,-542782.0131513,293087.7631897,25009.391862,25009.391862,NA,NA,NA,NA,7000.9589041,NA,NA,NA,NA,448470.95927772,2050689.2165577,1129840.3182703,202608.740449,700684.9610726,3.3350221,1772.680683,10851.7850417,4927.396019,15779.1810607
2026-05-25,1855784.3296206,220036.50958077,-528021.1542719,300246.8501594,25023.479657,25023.479657,NA,NA,NA,NA,NA,NA,NA,NA,NA,447810.81369327003,2075820.8392014,1131348.0900213,210740.4976077,704001.9086694,4.034487,1775.9022149,22901.9010567,5048.5051444,27950.4062011
2026-05-26,1836649.9635106,206795.33620094,-542233.4611202,300299.57686750003,25028.175588,25028.175588,NA,NA,NA,NA,NA,NA,NA,NA,NA,448729.22045364,2043445.2997115,1132018.3109713,203962.6767924,688619.7657468,3.8872976,1774.6555678,12152.7219926,4913.281343,17066.0033356
2026-05-27,1839367.5283531,202567.75103003,-536672.8455241,290623.14271,25000,5000,NA,20000,NA,NA,8001.0958904,NA,NA,NA,NA,448617.45384413,2041935.2793831,1130571.1727483,204767.9447907,687020.7887569,4.8178024,1849.6903856,12826.5256374,4894.3392618,17720.8648992
2026-05-29,1864599.4985112,204247.79287394,-534246.6521121,290821.5300014,25018.423118,5003.767397,NA,20014.655721,NA,NA,8003.2876712,NA,NA,NA,NA,447672.91498464,2068847.2913851,1136449.6590483,202449.2438878,711672.5166773,4.5753809,1843.5445044,11504.2011025,4923.5507839,16427.7518864
2026-06-01,1842905.290168,278347.36635715,-464883.9770382,298793.6912377,25023.028898,5004.709247,NA,20018.319651,NA,NA,NA,NA,NA,NA,NA,444437.65215765,2121252.6565251,1139696.3790943,268844.3189148,693124.9079732,4.2545479,1844.7349278,11834.7276391,5903.333428,17738.0610671
2026-06-02,1832678.0353688,270059.49053123,-464829.0857578,290894.6063715,25027.634677,5005.651096,NA,20021.983581,NA,NA,9001.2328767,NA,NA,NA,NA,443993.96991753,2102737.5259,1143594.7401247,253152.8254606,687222.7025466,4.1379479,1845.5488354,11721.3189297,5196.2520551,16917.5709848
2026-06-03,1837770.8131747,230033.62154978,-459260.1759025,245411.8171858,2500,2500,NA,NA,NA,NA,32004.3835616,NA,NA,NA,NA,443881.98026648,2067804.4347245,1148163.6484047,209299.2932495,691140.9786649,3.9263774,1832.4226982,11607.1658913,5756.9994385,17364.1653298
2026-06-04,1826351.3585161,255664.61450285,-433573.1850238,245460.2712164,2500.449178,2500.449178,NA,NA,NA,NA,32004.3835616,NA,NA,NA,NA,443777.52831025,2082015.973019,1151528.0598147,220954.7381788,689320.1024681,3.7772749,1833.8404419,12111.4967107,6263.9581299,18375.4548406
2026-06-05,1812862.736164,249936.65313319,-423927.7956143,230487.7805499,2500.898356,2500.898356,NA,NA,NA,NA,47006.4383561,NA,NA,NA,NA,443376.66819759,2062799.3892972,1157683.8836109,202569.0171939,683048.6175203,3.6710092,1826.8911663,11869.3835567,5797.9252399,17667.3087966
2026-06-08,1811036.2094023,272707.45638129,-417974.4608568,245129.0507773,2502.24589,2502.24589,NA,NA,NA,NA,32504.4520548,NA,NA,NA,NA,445552.86646079,2083743.6657836,1163999.9117227,217189.6077767,683206.8482269,4.3986751,1820.0671413,11792.0512459,5730.780995,17522.8322409
2026-06-09,1785211.4835992,297402.50192855,-390051.7815134,242954.8305589,2502.695068,2502.695068,NA,NA,NA,NA,35004.7945205,NA,NA,NA,NA,444499.45288305,2082613.9855278,1167583.0479927,209247.7872399,686317.7713051,4.3512834,1805.0050272,11916.4940382,5739.5286413,17656.0226795
2026-06-10,1784833.4255666,292507.45377099,-419177.4127034,265452.9531179,10000,10000,NA,NA,NA,NA,20002.739726,NA,NA,NA,NA,446231.91335649,2077340.8793376,1168695.2754427,202667.0971407,686532.3080101,4.1574891,1804.2198173,11413.037731,6224.7837067,17637.8214377
2026-06-11,1785838.3599786,302422.68162075,-417497.1902221,273499.9784622,10001.819014,10001.819014,NA,NA,NA,NA,12001.6438356,NA,NA,NA,NA,446419.89338065,2088261.0415994,1168671.6241319,210282.4408836,689911.2337264,4.5331732,1913.6255133,11829.9457532,5647.6384178,17477.584171
2026-06-12,1779498.4269968,287324.39480971,-418271.4520693,259810.1069676,10003.638027,10003.638027,NA,NA,NA,NA,25803.5342467,NA,NA,NA,NA,445785.73991141,2066822.8218065,1173409.8545419,198454.6900791,677332.7440237,4.3624183,1914.921578,10094.7612975,5611.487868,15706.2491655
2026-06-15,1802376.9600114,296052.98930536,-417346.9768733,267458.6946661,10009.095069,10009.095069,NA,NA,NA,NA,17002.3287671,NA,NA,NA,NA,445941.27151256,2098429.9493168,1174243.5032319,219723.3649136,684767.374702,4.1739595,1916.8356805,12039.4526427,5735.2441866,17774.6968293
2026-06-16,1835358.6946227,281156.48562166,-430951.2743065,266905.1864969,15010.914083,10010.914083,NA,NA,5000,NA,22603.0958904,NA,NA,NA,NA,445202.57343126,2116515.1802444,1173446.1709229,226079.120562,698398.4347283,3.9876106,1917.6570104,10763.9693247,5905.8400855,16669.8094102
2026-06-17,1838264.6553828,339973.19440167,-450162.5077796,349545.2697295,75000,75000,NA,NA,NA,NA,NA,NA,NA,NA,NA,440590.43245177,2178237.8497845,1172358.0953329,293953.5972833,690938.1251508,3.8254538,1877.2899568,12854.7960035,6252.1206034,19106.9166069
2026-06-18,1871346.0917042,316826.66576281,-471487.7756595,339605.7937618,75013.983812,75013.983812,NA,NA,NA,NA,10001.369863,NA,NA,NA,NA,448708.64766051,2188172.757467,1168487.3932852,289703.8571913,710215.6409245,3.6928256,1862.5328616,12177.2773235,5722.3630553,17899.6403788
2026-06-19,1876648.3549924,270733.67755155,-516755.4691082,339667.6963144,75027.967627,75027.967627,NA,NA,NA,NA,10001.369863,NA,NA,NA,NA,447821.45034535,2147382.032544,1170866.5016752,245512.6263602,710883.6895376,4.1122881,2009.6408538,12301.6029747,5803.8588544,18105.4618291
2026-06-22,1856912.4806022,212830.71876471,-573886.9559975,338966.4140295,75069.919068,75069.919068,NA,NA,NA,NA,10001.369863,NA,NA,NA,NA,447751.26073271,2069743.1993669,1169796.5771752,184979.381925,693832.123821,3.8135502,2008.9624941,13277.0608941,5845.2795073,19122.3404014
2026-06-23,1847838.113894,221408.93737598,-571733.1966604,343168.8258531,75083.902882,75083.902882,NA,NA,NA,NA,10001.369863,NA,NA,NA,NA,449973.30818328,2069247.05127,1165845.9881852,190109.9367516,690071.4930172,3.5400637,2006.0151428,15324.896514,5885.1815955,21210.0781095
2026-06-24,1848997.6958452,361327.33067868,-576417.2431493,487188.7643528,200000,50000,NA,150000,NA,NA,NA,NA,NA,NA,NA,450555.80947518,2210325.0265239,1160648.5809852,334701.9597865,691946.8774391,3.3099231,1958.6541469,15470.0285953,5595.6156478,21065.644243101
2026-06-25,1863877.8980615,299877.17108293,-566306.2210284,417490.8830328,200038.327602,50009.714174,NA,150028.613428,NA,NA,64008.7671233,NA,NA,NA,NA,448692.50907853,2163755.0691444,1158306.9617952,283618.3118834,693809.7427351,3.2062101,1960.6751641,20483.2465811,5572.9247754,26056.1713565
2026-06-26,1864589.4881575,259463.97890031,-562447.7554903,375003.797941,200076.655205,50019.428347,NA,150057.226858,NA,NA,109014.9315068,NA,NA,NA,NA,446907.93644961,2124053.4670578,1157966.7663252,254561.4923681,694065.0732002,4.0508831,2320.7562288,9686.7171894,5448.610863,15135.3280524
2026-06-29,1865902.3052297,313673.41225904,-544411.9699076,411273.4984111,200191.638012,50048.570868,NA,150143.067144,NA,NA,73010,NA,NA,NA,NA,446811.88375554,2179575.7174887,1156965.6703252,304403.7488638,699540.1745526,3.7935478,2320.664137,9647.8881096,6693.7779527,16341.6660623
2026-06-30,1886609.2628732,317162.08215939,-526744.6686401,396343.0463265,200229.965614,50058.285042,NA,150171.680572,NA,NA,88012.0547945,NA,NA,NA,NA,447563.70447299,2203771.3450326,1154601.2600962,304552.8237935,725638.9251368,5.603327,2319.4201861,9703.2141476,6950.0983454,16653.312493
